<?xml version="1.0" encoding="utf-8"?>
<!--/343589/674226/2.50/3/4/Connector/-->
<quadcept_library>
  <setting unit="mil" />
  <textstyle name="Default" height="47.244094488189" strokewidth="7.8740157480315" charwidth="47.244094488189" />
  <textstyle name="Dimension" height="19.6850393700787" strokewidth="0" charwidth="19.6850393700787" />
  <textstyle name="H127W0635TH00762" height="50" strokewidth="3" charwidth="25" />
  <textstyle name="H15W15TH02" height="59.0551181102362" strokewidth="7.8740157480315" charwidth="59.0551181102362" />
  <padstyle name="c410_h286.36" surface="False" plated="True" isvia="False" nopaste="True" nomask="True" complex="False" holesize="112.74015748031">
    <padshape layer="TOP" shape="round" width="161.41732283464" height="161.41732283464" />
    <padshape layer="TOP_SOLDER_MASK" shape="round" width="169.29133858268" height="169.29133858268" />
    <padshape layer="INNER" shape="round" width="161.41732283464" height="161.41732283464" />
    <padshape layer="BOTTOM" shape="round" width="161.41732283464" height="161.41732283464" />
    <padshape layer="BOTTOM_SOLDER_MASK" shape="round" width="169.29133858268" height="169.29133858268" />
  </padstyle>
  <padstyle name="c538.5_h359.03" surface="False" plated="True" isvia="False" nopaste="True" nomask="True" complex="False" holesize="141.35039370079">
    <padshape layer="TOP" shape="round" width="212.00787401575" height="212.00787401575" />
    <padshape layer="TOP_SOLDER_MASK" shape="round" width="219.88188976378" height="219.88188976378" />
    <padshape layer="INNER" shape="round" width="212.00787401575" height="212.00787401575" />
    <padshape layer="BOTTOM" shape="round" width="212.00787401575" height="212.00787401575" />
    <padshape layer="BOTTOM_SOLDER_MASK" shape="round" width="219.88188976378" height="219.88188976378" />
  </padstyle>
  <footprint name="694106402002" originx="0" originy="0" pickpointx="0" pickpointy="0">
    <pcbpin number="1" name="1" style="c538.5_h359.03" originx="-91.535433070865" originy="62.007874015747" rotation="90" />
    <pcbpin number="2" name="2" style="c410_h286.36" originx="-0.98425196850393" originy="-146.65354330708" rotation="90" />
    <pcbpin number="3" name="3" style="c410_h286.36" originx="144.68503937008" originy="-48.228346456692" rotation="90" />
    <line layer="TOP_ASSEMBLY" originx="-130.90551181102" originy="227.36220472441" endx="223.42519685039" endy="227.36220472441" width="7.8740157480314" />
    <line layer="TOP_ASSEMBLY" originx="223.42519685039" originy="227.36220472441" endx="223.42519685039" endy="-193.89763779527" width="7.8740157480314" />
    <line layer="TOP_ASSEMBLY" originx="223.42519685039" originy="-193.89763779527" endx="-130.90551181102" endy="-193.89763779527" width="7.8740157480314" />
    <line layer="TOP_ASSEMBLY" originx="-130.90551181102" originy="-193.89763779527" endx="-130.90551181102" endy="227.36220472441" width="7.8740157480314" />
    <line layer="TOP_PLACE_BOUND" originx="-264.76377952756" originy="266.73228346456" endx="264.76377952756" endy="266.73228346456" width="3.9370078740157" />
    <line layer="TOP_PLACE_BOUND" originx="264.76377952756" originy="266.73228346456" endx="264.76377952756" endy="-266.73228346456" width="3.9370078740157" />
    <line layer="TOP_PLACE_BOUND" originx="264.76377952756" originy="-266.73228346456" endx="-264.76377952756" endy="-266.73228346456" width="3.9370078740157" />
    <line layer="TOP_PLACE_BOUND" originx="-264.76377952756" originy="-266.73228346456" endx="-264.76377952756" endy="266.73228346456" width="3.9370078740157" />
    <line layer="TOP_SILKSCREEN" originx="-130.90551181102" originy="180.11811023622" endx="-130.90551181102" endy="227.36220472441" width="3.9370078740157" />
    <line layer="TOP_SILKSCREEN" originx="-130.90551181102" originy="227.36220472441" endx="223.42519685039" endy="227.36220472441" width="3.9370078740157" />
    <line layer="TOP_SILKSCREEN" originx="223.42519685039" originy="227.36220472441" endx="223.42519685039" endy="22.63779527559" width="3.9370078740157" />
    <line layer="TOP_SILKSCREEN" originx="223.42519685039" originy="-134.84251968504" endx="223.42519685039" endy="-193.89763779527" width="3.9370078740157" />
    <line layer="TOP_SILKSCREEN" originx="223.42519685039" originy="-193.89763779527" endx="85.629921259841" endy="-193.89763779527" width="3.9370078740157" />
    <line layer="TOP_SILKSCREEN" originx="-130.90551181102" originy="-56.102362204724" endx="-130.90551181102" endy="-193.89763779527" width="3.9370078740157" />
    <line layer="TOP_SILKSCREEN" originx="-130.90551181102" originy="-193.89763779527" endx="-111.22047244094" endy="-193.89763779527" width="3.9370078740157" />
    <line layer="TOP_SILKSCREEN" originx="-111.22047244094" originy="-193.89763779527" endx="-111.22047244094" endy="-193.89763779527" width="3.9370078740157" />
    <line layer="TOP_SILKSCREEN" originx="-221.45669291338" originy="65.944881889763" endx="-221.45669291338" endy="65.944881889763" width="7.8740157480314" />
    <arc layer="TOP_SILKSCREEN" originx="-221.45669291338" originy="62.007874015747" startangle="90.0" sweepangle="-180.0" radius="3.9370078740157" width="7.8740157480314" />
    <line layer="TOP_SILKSCREEN" originx="-221.45669291338" originy="58.070866141732" endx="-221.45669291338" endy="58.070866141732" width="7.8740157480314" />
    <arc layer="TOP_SILKSCREEN" originx="-221.45669291338" originy="62.007874015747" startangle="-90.0" sweepangle="-180.0" radius="3.9370078740157" width="7.8740157480314" />
  </footprint>
  <symbol name="694106402002" originx="0" originy="0">
    <line originx="200" originy="100" endx="600" endy="100" width="0" />
    <line originx="600" originy="-200" endx="600" endy="100" width="0" />
    <line originx="600" originy="-200" endx="200" endy="-200" width="0" />
    <line originx="200" originy="100" endx="200" endy="-200" width="0" />
    <sympin number="1" originx="200" originy="0" rotation="180" length="100" width="7.8740157480315" flipped="False">
      <text name="pinname" originx="230" originy="0" style="Default" rotation="0" justify="left" flipped="False" hidden="False" data="1" />
      <text name="pindes" originx="140" originy="20" style="Default" rotation="0" justify="lowerright" flipped="False" hidden="False" data="1" />
    </sympin>
    <sympin number="2" originx="200" originy="-100" rotation="180" length="100" width="7.8740157480315" flipped="False">
      <text name="pinname" originx="230" originy="-100" style="Default" rotation="0" justify="left" flipped="False" hidden="False" data="2" />
      <text name="pindes" originx="140" originy="-80" style="Default" rotation="0" justify="lowerright" flipped="False" hidden="False" data="2" />
    </sympin>
    <sympin number="3" originx="600" originy="0" rotation="0" length="100" width="7.8740157480315" flipped="False">
      <text name="pinname" originx="570" originy="0" style="Default" rotation="0" justify="right" flipped="False" hidden="False" data="3" />
      <text name="pindes" originx="660" originy="20" style="Default" rotation="0" justify="lowerleft" flipped="False" hidden="False" data="3" />
    </sympin>
  </symbol>
  <component name="694106402002" designatorprefix="J" height="551.1811023622" footprint="694106402002">
    <comppin designator="1" sympin="1" pinswap="0" gateswap="0" gate="1" group="1" side="" type="Any" name="1" />
    <comppin designator="2" sympin="2" pinswap="0" gateswap="0" gate="1" group="1" side="" type="Any" name="2" />
    <comppin designator="3" sympin="3" pinswap="0" gateswap="0" gate="1" group="1" side="" type="Any" name="3" />
    <attached_symbol gate="1" name="694106402002" />
    <pinmap designator="1" footprintpin="1" />
    <pinmap designator="2" footprintpin="2" />
    <pinmap designator="3" footprintpin="3" />
    <text name="Datasheet" originx="0" originy="0" style="Default" rotation="0" justify="" flipped="False" hidden="True" data="http://katalog.we-online.de/em/datasheet/6941xx402002.pdf" />
    <text name="Description" originx="0" originy="0" style="Default" rotation="0" justify="" flipped="False" hidden="True" data="Wurth Elektronik Through Hole DC Power Socket WR-DC Series, 5.5mm Vertical 3A" />
    <text name="Manufacturer_Name" originx="0" originy="0" style="Default" rotation="0" justify="" flipped="False" hidden="True" data="Wurth Elektronik" />
    <text name="Manufacturer_Part_Number" originx="650" originy="200" style="Default" rotation="0" justify="left" flipped="False" hidden="False" data="694106402002" />
    <text name="Mouser Part Number" originx="0" originy="0" style="Default" rotation="0" justify="" flipped="False" hidden="True" data="710-694106402002" />
    <text name="Mouser Price/Stock" originx="0" originy="0" style="Default" rotation="0" justify="" flipped="False" hidden="True" data="https://www.mouser.co.uk/ProductDetail/Wurth-Elektronik/694106402002?qs=a9WhcLg8qCwcEWIWrEnF5w%3D%3D" />
    <text name="Arrow Part Number" originx="0" originy="0" style="Default" rotation="0" justify="" flipped="False" hidden="True" data="" />
    <text name="Arrow Price/Stock" originx="0" originy="0" style="Default" rotation="0" justify="" flipped="False" hidden="True" data="" />
  </component>
</quadcept_library>
