<?xml version="1.0" encoding="utf-8"?>
<!--/485315/674226/2.50/14/2/Power Supply/-->
<quadcept_library>
  <setting unit="mil" />
  <textstyle name="Default" height="47.244094488189" strokewidth="7.8740157480315" charwidth="47.244094488189" />
  <textstyle name="Dimension" height="19.6850393700787" strokewidth="0" charwidth="19.6850393700787" />
  <textstyle name="H127W0635TH00762" height="50" strokewidth="3" charwidth="25" />
  <textstyle name="H15W15TH02" height="59.0551181102362" strokewidth="7.8740157480315" charwidth="59.0551181102362" />
  <padstyle name="c180_h120" surface="False" plated="True" isvia="False" nopaste="True" nomask="True" complex="False" holesize="47.244094488188">
    <padshape layer="TOP" shape="round" width="70.866141732283" height="70.866141732283" />
    <padshape layer="TOP_SOLDER_MASK" shape="round" width="78.740157480314" height="78.740157480314" />
    <padshape layer="INNER" shape="round" width="70.866141732283" height="70.866141732283" />
    <padshape layer="BOTTOM" shape="round" width="70.866141732283" height="70.866141732283" />
    <padshape layer="BOTTOM_SOLDER_MASK" shape="round" width="78.740157480314" height="78.740157480314" />
  </padstyle>
  <padstyle name="c330_h220" surface="False" plated="True" isvia="False" nopaste="True" nomask="True" complex="False" holesize="86.614173228345">
    <padshape layer="TOP" shape="round" width="129.92125984252" height="129.92125984252" />
    <padshape layer="TOP_SOLDER_MASK" shape="round" width="137.79527559055" height="137.79527559055" />
    <padshape layer="INNER" shape="round" width="129.92125984252" height="129.92125984252" />
    <padshape layer="BOTTOM" shape="round" width="129.92125984252" height="129.92125984252" />
    <padshape layer="BOTTOM_SOLDER_MASK" shape="round" width="137.79527559055" height="137.79527559055" />
  </padstyle>
  <padstyle name="c470_h320" surface="False" plated="True" isvia="False" nopaste="True" nomask="True" complex="False" holesize="125.9842519685">
    <padshape layer="TOP" shape="round" width="185.03937007874" height="185.03937007874" />
    <padshape layer="TOP_SOLDER_MASK" shape="round" width="192.91338582677" height="192.91338582677" />
    <padshape layer="INNER" shape="round" width="185.03937007874" height="185.03937007874" />
    <padshape layer="BOTTOM" shape="round" width="185.03937007874" height="185.03937007874" />
    <padshape layer="BOTTOM_SOLDER_MASK" shape="round" width="192.91338582677" height="192.91338582677" />
  </padstyle>
  <footprint name="TEP1602415WIR" originx="0" originy="0" pickpointx="0" pickpointy="0">
    <pcbpin number="1" name="1" style="c180_h120" originx="0" originy="0" rotation="90" />
    <pcbpin number="2" name="2" style="c180_h120" originx="-400" originy="0" rotation="90" />
    <pcbpin number="3" name="3" style="c180_h120" originx="-999.99999999999" originy="0" rotation="90" />
    <pcbpin number="4" name="4" style="c180_h120" originx="-1400" originy="0" rotation="90" />
    <pcbpin number="5" name="5" style="c330_h220" originx="0" originy="1900" rotation="90" />
    <pcbpin number="6" name="6" style="c180_h120" originx="-400" originy="1900" rotation="90" />
    <pcbpin number="7" name="7" style="c180_h120" originx="-699.99999999999" originy="1900" rotation="90" />
    <pcbpin number="8" name="8" style="c180_h120" originx="-999.99999999999" originy="1900" rotation="90" />
    <pcbpin number="9" name="9" style="c330_h220" originx="-1400" originy="1900" rotation="90" />
    <pcbpin number="10" name="10" style="c180_h120" originx="-699.99999999999" originy="0" rotation="90" />
    <pcbpin number="11" name="MH1" style="c470_h320" originx="300" originy="0" rotation="90" />
    <pcbpin number="12" name="MH2" style="c470_h320" originx="-1700" originy="0" rotation="90" />
    <pcbpin number="13" name="MH3" style="c470_h320" originx="-1700" originy="1900" rotation="90" />
    <pcbpin number="14" name="MH4" style="c470_h320" originx="300" originy="1900" rotation="90" />
    <line layer="TOP_ASSEMBLY" originx="-1900.7874015748" originy="2090.5511811023" endx="500.7874015748" endy="2090.5511811023" width="7.8740157480314" />
    <line layer="TOP_ASSEMBLY" originx="500.7874015748" originy="2090.5511811023" endx="500.7874015748" endy="-188.97637795275" width="7.8740157480314" />
    <line layer="TOP_ASSEMBLY" originx="500.7874015748" originy="-188.97637795275" endx="-1900.7874015748" endy="-188.97637795275" width="7.8740157480314" />
    <line layer="TOP_ASSEMBLY" originx="-1900.7874015748" originy="-188.97637795275" endx="-1900.7874015748" endy="2090.5511811023" width="7.8740157480314" />
    <line layer="TOP_SILKSCREEN" originx="-1900.7874015748" originy="2090.5511811023" endx="500.7874015748" endy="2090.5511811023" width="3.9370078740157" />
    <line layer="TOP_SILKSCREEN" originx="500.7874015748" originy="2090.5511811023" endx="500.7874015748" endy="-188.97637795275" width="3.9370078740157" />
    <line layer="TOP_SILKSCREEN" originx="500.7874015748" originy="-188.97637795275" endx="-1900.7874015748" endy="-188.97637795275" width="3.9370078740157" />
    <line layer="TOP_SILKSCREEN" originx="-1900.7874015748" originy="-188.97637795275" endx="-1900.7874015748" endy="2090.5511811023" width="3.9370078740157" />
    <line layer="TOP_PLACE_BOUND" originx="-1940.1574803149" originy="-228.34645669291" endx="540.15748031495" endy="-228.34645669291" width="3.9370078740157" />
    <line layer="TOP_PLACE_BOUND" originx="540.15748031495" originy="-228.34645669291" endx="540.15748031495" endy="2129.9212598425" width="3.9370078740157" />
    <line layer="TOP_PLACE_BOUND" originx="540.15748031495" originy="2129.9212598425" endx="-1940.1574803149" endy="2129.9212598425" width="3.9370078740157" />
    <line layer="TOP_PLACE_BOUND" originx="-1940.1574803149" originy="2129.9212598425" endx="-1940.1574803149" endy="-228.34645669291" width="3.9370078740157" />
    <line layer="TOP_SILKSCREEN" originx="0" originy="-212.59842519685" endx="0" endy="-212.59842519685" width="7.8740157480314" />
    <arc layer="TOP_SILKSCREEN" originx="1.0381022375924E-14" originy="-210.62992125984" startangle="-90.0" sweepangle="180.0" radius="1.9685039370079" width="7.8740157480314" />
    <line layer="TOP_SILKSCREEN" originx="0" originy="-208.66141732283" endx="0" endy="-208.66141732283" width="7.8740157480314" />
    <arc layer="TOP_SILKSCREEN" originx="1.0381022375924E-14" originy="-210.62992125984" startangle="90.0" sweepangle="180.0" radius="1.9685039370079" width="7.8740157480314" />
    <line layer="TOP_SILKSCREEN" originx="0" originy="-212.59842519685" endx="0" endy="-212.59842519685" width="7.8740157480314" />
    <arc layer="TOP_SILKSCREEN" originx="1.0381022375924E-14" originy="-210.62992125984" startangle="-90.0" sweepangle="180.0" radius="1.9685039370079" width="7.8740157480314" />
  </footprint>
  <symbol name="TEP_160-4812WIR" originx="0" originy="0">
    <line originx="200" originy="100" endx="1600" endy="100" width="0" />
    <line originx="1600" originy="-700" endx="1600" endy="100" width="0" />
    <line originx="1600" originy="-700" endx="200" endy="-700" width="0" />
    <line originx="200" originy="100" endx="200" endy="-700" width="0" />
    <sympin number="1" originx="200" originy="-500" rotation="180" length="100" width="7.8740157480315" flipped="False">
      <text name="pinname" originx="230" originy="-500" style="Default" rotation="0" justify="left" flipped="False" hidden="False" data="-VIN_(GND)" />
      <text name="pindes" originx="140" originy="-480" style="Default" rotation="0" justify="lowerright" flipped="False" hidden="False" data="1" />
    </sympin>
    <sympin number="2" originx="200" originy="-400" rotation="180" length="100" width="7.8740157480315" flipped="False">
      <text name="pinname" originx="230" originy="-400" style="Default" rotation="0" justify="left" flipped="False" hidden="False" data="CASE" />
      <text name="pindes" originx="140" originy="-380" style="Default" rotation="0" justify="lowerright" flipped="False" hidden="False" data="2" />
    </sympin>
    <sympin number="3" originx="200" originy="-200" rotation="180" length="100" width="7.8740157480315" flipped="False">
      <text name="pinname" originx="230" originy="-200" style="Default" rotation="0" justify="left" flipped="False" hidden="False" data="REMOTE" />
      <text name="pindes" originx="140" originy="-180" style="Default" rotation="0" justify="lowerright" flipped="False" hidden="False" data="3" />
    </sympin>
    <sympin number="4" originx="200" originy="-100" rotation="180" length="100" width="7.8740157480315" flipped="False">
      <text name="pinname" originx="230" originy="-100" style="Default" rotation="0" justify="left" flipped="False" hidden="False" data="+VIN_(VCC)" />
      <text name="pindes" originx="140" originy="-80" style="Default" rotation="0" justify="lowerright" flipped="False" hidden="False" data="4" />
    </sympin>
    <sympin number="5" originx="1600" originy="-500" rotation="0" length="100" width="7.8740157480315" flipped="False">
      <text name="pinname" originx="1570" originy="-500" style="Default" rotation="0" justify="right" flipped="False" hidden="False" data="-VOUT" />
      <text name="pindes" originx="1660" originy="-480" style="Default" rotation="0" justify="lowerleft" flipped="False" hidden="False" data="5" />
    </sympin>
    <sympin number="6" originx="1600" originy="-400" rotation="0" length="100" width="7.8740157480315" flipped="False">
      <text name="pinname" originx="1570" originy="-400" style="Default" rotation="0" justify="right" flipped="False" hidden="False" data="-SENSE" />
      <text name="pindes" originx="1660" originy="-380" style="Default" rotation="0" justify="lowerleft" flipped="False" hidden="False" data="6" />
    </sympin>
    <sympin number="7" originx="1600" originy="-300" rotation="0" length="100" width="7.8740157480315" flipped="False">
      <text name="pinname" originx="1570" originy="-300" style="Default" rotation="0" justify="right" flipped="False" hidden="False" data="TRIM" />
      <text name="pindes" originx="1660" originy="-280" style="Default" rotation="0" justify="lowerleft" flipped="False" hidden="False" data="7" />
    </sympin>
    <sympin number="8" originx="1600" originy="-200" rotation="0" length="100" width="7.8740157480315" flipped="False">
      <text name="pinname" originx="1570" originy="-200" style="Default" rotation="0" justify="right" flipped="False" hidden="False" data="+SENSE" />
      <text name="pindes" originx="1660" originy="-180" style="Default" rotation="0" justify="lowerleft" flipped="False" hidden="False" data="8" />
    </sympin>
    <sympin number="9" originx="1600" originy="-100" rotation="0" length="100" width="7.8740157480315" flipped="False">
      <text name="pinname" originx="1570" originy="-100" style="Default" rotation="0" justify="right" flipped="False" hidden="False" data="+VOUT" />
      <text name="pindes" originx="1660" originy="-80" style="Default" rotation="0" justify="lowerleft" flipped="False" hidden="False" data="9" />
    </sympin>
    <sympin number="10" originx="200" originy="-300" rotation="180" length="100" width="7.8740157480315" flipped="False">
      <text name="pinname" originx="230" originy="-300" style="Default" rotation="0" justify="left" flipped="False" hidden="False" data="SYNC_(ON_DEMAND)" />
      <text name="pindes" originx="140" originy="-280" style="Default" rotation="0" justify="lowerright" flipped="False" hidden="False" data="10" />
    </sympin>
    <sympin number="11" originx="200" originy="-600" rotation="180" length="100" width="7.8740157480315" flipped="False">
      <text name="pinname" originx="230" originy="-600" style="Default" rotation="0" justify="left" flipped="False" hidden="False" data="MH1" />
      <text name="pindes" originx="140" originy="-580" style="Default" rotation="0" justify="lowerright" flipped="False" hidden="False" data="MH1" />
    </sympin>
    <sympin number="12" originx="200" originy="0" rotation="180" length="100" width="7.8740157480315" flipped="False">
      <text name="pinname" originx="230" originy="0" style="Default" rotation="0" justify="left" flipped="False" hidden="False" data="MH2" />
      <text name="pindes" originx="140" originy="20" style="Default" rotation="0" justify="lowerright" flipped="False" hidden="False" data="MH2" />
    </sympin>
    <sympin number="13" originx="1600" originy="0" rotation="0" length="100" width="7.8740157480315" flipped="False">
      <text name="pinname" originx="1570" originy="0" style="Default" rotation="0" justify="right" flipped="False" hidden="False" data="MH3" />
      <text name="pindes" originx="1660" originy="20" style="Default" rotation="0" justify="lowerleft" flipped="False" hidden="False" data="MH3" />
    </sympin>
    <sympin number="14" originx="1600" originy="-600" rotation="0" length="100" width="7.8740157480315" flipped="False">
      <text name="pinname" originx="1570" originy="-600" style="Default" rotation="0" justify="right" flipped="False" hidden="False" data="MH4" />
      <text name="pindes" originx="1660" originy="-580" style="Default" rotation="0" justify="lowerleft" flipped="False" hidden="False" data="MH4" />
    </sympin>
  </symbol>
  <component name="TEP_160-4812WIR" designatorprefix="PS" height="519.68503937007" footprint="TEP1602415WIR">
    <comppin designator="1" sympin="1" pinswap="0" gateswap="0" gate="1" group="1" side="" type="Any" name="-VIN_(GND)" />
    <comppin designator="2" sympin="2" pinswap="0" gateswap="0" gate="1" group="1" side="" type="Any" name="CASE" />
    <comppin designator="3" sympin="3" pinswap="0" gateswap="0" gate="1" group="1" side="" type="Any" name="REMOTE" />
    <comppin designator="4" sympin="4" pinswap="0" gateswap="0" gate="1" group="1" side="" type="Any" name="+VIN_(VCC)" />
    <comppin designator="5" sympin="5" pinswap="0" gateswap="0" gate="1" group="1" side="" type="Any" name="-VOUT" />
    <comppin designator="6" sympin="6" pinswap="0" gateswap="0" gate="1" group="1" side="" type="Any" name="-SENSE" />
    <comppin designator="7" sympin="7" pinswap="0" gateswap="0" gate="1" group="1" side="" type="Any" name="TRIM" />
    <comppin designator="8" sympin="8" pinswap="0" gateswap="0" gate="1" group="1" side="" type="Any" name="+SENSE" />
    <comppin designator="9" sympin="9" pinswap="0" gateswap="0" gate="1" group="1" side="" type="Any" name="+VOUT" />
    <comppin designator="10" sympin="10" pinswap="0" gateswap="0" gate="1" group="1" side="" type="Any" name="SYNC_(ON_DEMAND)" />
    <comppin designator="MH1" sympin="11" pinswap="0" gateswap="0" gate="1" group="1" side="" type="Any" name="MH1" />
    <comppin designator="MH2" sympin="12" pinswap="0" gateswap="0" gate="1" group="1" side="" type="Any" name="MH2" />
    <comppin designator="MH3" sympin="13" pinswap="0" gateswap="0" gate="1" group="1" side="" type="Any" name="MH3" />
    <comppin designator="MH4" sympin="14" pinswap="0" gateswap="0" gate="1" group="1" side="" type="Any" name="MH4" />
    <attached_symbol gate="1" name="TEP_160-4812WIR" />
    <pinmap designator="1" footprintpin="1" />
    <pinmap designator="2" footprintpin="2" />
    <pinmap designator="3" footprintpin="3" />
    <pinmap designator="4" footprintpin="4" />
    <pinmap designator="5" footprintpin="5" />
    <pinmap designator="6" footprintpin="6" />
    <pinmap designator="7" footprintpin="7" />
    <pinmap designator="8" footprintpin="8" />
    <pinmap designator="9" footprintpin="9" />
    <pinmap designator="10" footprintpin="10" />
    <pinmap designator="MH1" footprintpin="11" />
    <pinmap designator="MH2" footprintpin="12" />
    <pinmap designator="MH3" footprintpin="13" />
    <pinmap designator="MH4" footprintpin="14" />
    <text name="Datasheet" originx="0" originy="0" style="Default" rotation="0" justify="" flipped="False" hidden="True" data="https://tracopower.com/tep160wir-datasheet/" />
    <text name="Description" originx="0" originy="0" style="Default" rotation="0" justify="" flipped="False" hidden="True" data="160 Watt DC/DC module, railway, 4:1 input, PCB- Chassis or DIN-Rail mount, opt. EMI Filter, encapsulated, Half-Brick package" />
    <text name="Manufacturer_Name" originx="0" originy="0" style="Default" rotation="0" justify="" flipped="False" hidden="True" data="Traco Power" />
    <text name="Manufacturer_Part_Number" originx="1650" originy="200" style="Default" rotation="0" justify="left" flipped="False" hidden="False" data="TEP 160-4812WIR" />
    <text name="Mouser Part Number" originx="0" originy="0" style="Default" rotation="0" justify="" flipped="False" hidden="True" data="495-TEP160-4812WIR" />
    <text name="Mouser Price/Stock" originx="0" originy="0" style="Default" rotation="0" justify="" flipped="False" hidden="True" data="https://www.mouser.com/Search/Refine.aspx?Keyword=495-TEP160-4812WIR" />
    <text name="Arrow Part Number" originx="0" originy="0" style="Default" rotation="0" justify="" flipped="False" hidden="True" data="" />
    <text name="Arrow Price/Stock" originx="0" originy="0" style="Default" rotation="0" justify="" flipped="False" hidden="True" data="" />
  </component>
</quadcept_library>
